{
	"credit": "Made with Blockbench",
	"parent": "block/block",
	"texture_size": [64, 64],
	"textures": {
		"2": "trackwork:block/girder"
	},
	"elements": [
		{
			"from": [-1.5, 15, 17],
			"to": [5.5, 17, 24],
			"rotation": {"angle": 0, "axis": "x", "origin": [4.5, 1, 17]},
			"faces": {
				"north": {"uv": [0, 0, 1.75, 0.5], "texture": "#2"},
				"east": {"uv": [2.05, 0, 3.8, 0.5], "texture": "#2"},
				"south": {"uv": [4.25, 0, 6, 0.5], "texture": "#2"},
				"west": {"uv": [0.25, 7, 2, 7.5], "texture": "#2"},
				"up": {"uv": [7.75, 8.75, 6, 7], "texture": "#2"},
				"down": {"uv": [2, 5, 0.25, 6.75], "texture": "#2"}
			}
		},
		{
			"from": [0, 15, 21],
			"to": [4, 17, 32],
			"rotation": {"angle": 22.5, "axis": "x", "origin": [1, 15, 24]},
			"faces": {
				"north": {"uv": [0, 0, 1, 0.5], "texture": "#2"},
				"east": {"uv": [0, 0, 2, 0.5], "texture": "#2"},
				"south": {"uv": [0, 0, 1, 0.5], "texture": "#2"},
				"west": {"uv": [0, 0, 2, 0.5], "texture": "#2"},
				"up": {"uv": [0, 0, 1, 2], "texture": "#2"},
				"down": {"uv": [0, 0, 1, 2], "texture": "#2"}
			}
		}
	],
	"display": {
		"gui": {
			"rotation": [30, 45, 0],
			"scale": [0.625, 0.625, 0.625]
		}
	},
	"groups": [
		{
			"name": "simple_wheel_concept",
			"origin": [8, 8, 8],
			"color": 0,
			"children": [
				{
					"name": "shaft",
					"origin": [8, 8, 8],
					"color": 0,
					"children": []
				},
				{
					"name": "simple_wheel_spring_base",
					"origin": [8, 8, 8],
					"color": 0,
					"children": [
						{
							"name": "shaft",
							"origin": [8, 8, 8],
							"color": 0,
							"children": []
						},
						0,
						1
					]
				}
			]
		}
	]
}