{
	"credit": "Made with Blockbench",
	"parent": "block/block",
	"texture_size": [32, 32],
	"textures": {
		"0": "trackwork:item/kit/power_wrench",
		"particle": "trackwork:item/kit/power_wrench"
	},
	"elements": [
		{
			"name": "handle",
			"from": [5.6, 1, 7.5],
			"to": [7.6, 7, 8.5],
			"rotation": {"angle": 0, "axis": "y", "origin": [8.5, 6, 8]},
			"faces": {
				"north": {"uv": [3, 1.5, 4, 4.5], "texture": "#0"},
				"east": {"uv": [7, 2.5, 7.5, 5.5], "texture": "#0"},
				"south": {"uv": [4, 1.5, 5, 4.5], "texture": "#0"},
				"west": {"uv": [5.5, 7, 6, 10], "texture": "#0"},
				"down": {"uv": [3, 4.5, 2, 5], "texture": "#0"}
			}
		},
		{
			"name": "handle",
			"from": [7.6, 5, 7.75],
			"to": [9.1, 6, 8.25],
			"rotation": {"angle": 0, "axis": "y", "origin": [8.5, 6, 8]},
			"faces": {
				"north": {"uv": [3, 1.5, 3.75, 2], "texture": "#0"},
				"east": {"uv": [7, 2.5, 7.25, 3], "texture": "#0"},
				"south": {"uv": [4, 1.5, 4.75, 2], "texture": "#0"},
				"west": {"uv": [5.5, 7, 6, 10.5], "texture": "#0"},
				"down": {"uv": [2.75, 4.5, 2, 4.75], "texture": "#0"}
			}
		},
		{
			"name": "handle",
			"from": [4.6, 6, 6.5],
			"to": [10.6, 9, 9.5],
			"rotation": {"angle": 0, "axis": "x", "origin": [8.5, 6, 8]},
			"faces": {
				"north": {"uv": [0, 0, 3, 1.5], "texture": "#0"},
				"east": {"uv": [4, 5, 5.5, 6.5], "texture": "#0"},
				"south": {"uv": [0, 1.5, 3, 3], "texture": "#0"},
				"west": {"uv": [5.5, 4.5, 7, 6], "texture": "#0"},
				"up": {"uv": [3, 4.5, 0, 3], "texture": "#0"},
				"down": {"uv": [6, 0, 3, 1.5], "texture": "#0"}
			}
		},
		{
			"name": "handle",
			"from": [10.6, 6.25, 6.75],
			"to": [11.6, 8.75, 9.25],
			"rotation": {"angle": 0, "axis": "y", "origin": [8.5, 6, 8]},
			"faces": {
				"north": {"uv": [7.5, 3.5, 8, 4.75], "texture": "#0"},
				"east": {"uv": [6, 7, 7.25, 8.25], "texture": "#0"},
				"south": {"uv": [4, 7.5, 4.5, 8.75], "texture": "#0"},
				"west": {"uv": [0, 7.5, 1.25, 8.75], "texture": "#0"},
				"up": {"uv": [5, 8.75, 4.5, 7.5], "texture": "#0"},
				"down": {"uv": [5.5, 7.5, 5, 8.75], "texture": "#0"}
			}
		},
		{
			"name": "handle",
			"from": [5.2, 0, 6.5],
			"to": [8.7, 2, 9.5],
			"rotation": {"angle": 0, "axis": "y", "origin": [8.5, 6, 8]},
			"faces": {
				"north": {"uv": [0, 4.5, 1.75, 5.5], "texture": "#0"},
				"east": {"uv": [0, 6, 1.5, 7], "texture": "#0"},
				"south": {"uv": [5, 1.5, 6.75, 2.5], "texture": "#0"},
				"west": {"uv": [6, 0, 7.5, 1], "texture": "#0"},
				"up": {"uv": [4, 6.5, 2, 5], "texture": "#0"},
				"down": {"uv": [7, 3, 5, 4.5], "texture": "#0"}
			}
		},
		{
			"name": "handle",
			"from": [5.5, 2, 7],
			"to": [8, 2.5, 9],
			"rotation": {"angle": 0, "axis": "y", "origin": [8.5, 6, 8]},
			"faces": {
				"north": {"uv": [0, 8.75, 1.5, 9], "texture": "#0"},
				"east": {"uv": [6, 8.5, 7, 8.75], "texture": "#0"},
				"south": {"uv": [3.75, 9, 5.25, 9.25], "texture": "#0"},
				"west": {"uv": [6.25, 8.25, 7.25, 8.5], "texture": "#0"},
				"up": {"uv": [4, 9, 2.5, 8], "texture": "#0"},
				"down": {"uv": [7, 3, 5, 4.5], "texture": "#0"}
			}
		}
	],
	"display": {
		"thirdperson_righthand": {
			"rotation": [0, 90, 0],
			"translation": [0, 3.25, 0]
		},
		"thirdperson_lefthand": {
			"rotation": [0, -90, 0],
			"translation": [0, 3.75, 0]
		},
		"firstperson_righthand": {
			"rotation": [-4.5, 100.25, 10],
			"translation": [1, 4, 1]
		},
		"firstperson_lefthand": {
			"rotation": [17.25, 267, 10],
			"translation": [1, 4, 1]
		},
		"ground": {
			"rotation": [-90, 0, 0],
			"translation": [0, -2.3, 0],
			"scale": [0.76914, 0.76914, 0.76914]
		},
		"gui": {
			"rotation": [28, -163, 43],
			"translation": [2.25, 1.25, 0],
			"scale": [1.09453, 1.09453, 1.09453]
		},
		"fixed": {
			"rotation": [0, 160.5, 0],
			"translation": [0.5, 0.5, 0]
		}
	},
	"groups": [
		{
			"name": "item",
			"origin": [8, 8, 8],
			"color": 0,
			"children": [0, 1, 2, 3, 4, 5]
		}
	]
}