{
	"credit": "Made with Blockbench",
	"parent": "block/block",
	"texture_size": [32, 32],
	"textures": {
		"0": "trackwork:item/kit/power_wrench",
		"particle": "trackwork:item/kit/power_wrench"
	},
	"elements": [
		{
			"name": "handle",
			"from": [11.6, 7, 7.5],
			"to": [14.6, 8, 8.5],
			"rotation": {"angle": 45, "axis": "x", "origin": [13.1, 7.5, 8]},
			"faces": {
				"north": {"uv": [7.5, 1, 9, 1.5], "texture": "#0"},
				"east": {"uv": [5, 4.5, 5.5, 5], "texture": "#0"},
				"south": {"uv": [2.5, 7.5, 4, 8], "texture": "#0"},
				"west": {"uv": [1.5, 6, 2, 6.5], "texture": "#0"},
				"up": {"uv": [9, 3, 7.5, 2.5], "texture": "#0"},
				"down": {"uv": [9, 3, 7.5, 3.5], "texture": "#0"}
			}
		},
		{
			"name": "handle",
			"from": [12.6, 6.5, 7],
			"to": [16.6, 8.5, 9],
			"rotation": {"angle": 0, "axis": "y", "origin": [14.6, 7.75, 8]},
			"faces": {
				"north": {"uv": [5.5, 6, 7.5, 7], "texture": "#0"},
				"east": {"uv": [7.5, 0, 8.5, 1], "texture": "#0"},
				"south": {"uv": [1.5, 6.5, 3.5, 7.5], "texture": "#0"},
				"west": {"uv": [1.5, 7.5, 2.5, 8.5], "texture": "#0"},
				"up": {"uv": [5.5, 7.5, 3.5, 6.5], "texture": "#0"},
				"down": {"uv": [9, 1.5, 7, 2.5], "texture": "#0"}
			}
		}
	],
	"display": {
		"thirdperson_righthand": {
			"rotation": [0, 90, 0],
			"translation": [0, 3.25, 0]
		},
		"thirdperson_lefthand": {
			"rotation": [0, -90, 0],
			"translation": [0, 3.75, 0]
		},
		"firstperson_righthand": {
			"rotation": [-4.5, 100.25, 10],
			"translation": [1, 4, 1]
		},
		"firstperson_lefthand": {
			"rotation": [17.25, 267, 10],
			"translation": [1, 4, 1]
		},
		"ground": {
			"rotation": [-90, 0, 0],
			"translation": [0, -2.3, 0],
			"scale": [0.76914, 0.76914, 0.76914]
		},
		"gui": {
			"rotation": [28, -163, 43],
			"translation": [2.25, 1.25, 0],
			"scale": [1.09453, 1.09453, 1.09453]
		},
		"fixed": {
			"rotation": [0, 160.5, 0],
			"translation": [0.5, 0.5, 0]
		}
	},
	"groups": [
		{
			"name": "item",
			"origin": [8, 8, 8],
			"color": 0,
			"children": [0, 1]
		}
	]
}