{
	"credit": "Made with Blockbench",
	"parent": "block/block",
	"texture_size": [128, 128],
	"textures": {
		"1": "trackwork:block/spring",
		"2": "trackwork:block/girder",
		"3": "trackwork:block/belt",
		"particle": "trackwork:block/spring"
	},
	"elements": [
		{
			"name": "Gear",
			"from": [3.5, -14, 5.05],
			"to": [12.5, 12, 10.95],
			"rotation": {"angle": 0, "axis": "y", "origin": [16, -9, 15.5]},
			"faces": {
				"north": {"uv": [0, 0.5, 8, 3.5], "rotation": 90, "texture": "#2"},
				"east": {"uv": [3.375, 2.25, 4.125, 5.5], "texture": "#missing"},
				"south": {"uv": [0, 0.5, 8, 3.5], "rotation": 90, "texture": "#2"},
				"west": {"uv": [4.125, 2.25, 4.875, 5.5], "texture": "#missing"},
				"up": {"uv": [2.125, 11.75, 1.375, 10.625], "rotation": 90, "texture": "#missing"},
				"down": {"uv": [2.875, 10.75, 2.125, 11.875], "rotation": 270, "texture": "#missing"}
			}
		},
		{
			"name": "Gear2",
			"from": [3.5, -14, 5],
			"to": [12.5, 12, 11.1],
			"rotation": {"angle": -45, "axis": "z", "origin": [8, -1, 7.5]},
			"faces": {
				"north": {"uv": [0, 0.5, 8, 3.5], "rotation": 90, "texture": "#2"},
				"east": {"uv": [4.875, 2.25, 5.625, 5.5], "texture": "#2"},
				"south": {"uv": [0, 0.5, 8, 3.5], "rotation": 90, "texture": "#2"},
				"west": {"uv": [3.375, 5.5, 4.125, 8.75], "texture": "#2"},
				"up": {"uv": [3.625, 11.875, 2.875, 10.75], "rotation": 90, "texture": "#missing"},
				"down": {"uv": [4.375, 10.75, 3.625, 11.875], "rotation": 270, "texture": "#missing"}
			}
		},
		{
			"name": "Gear3",
			"from": [3.5, -14, 4.9],
			"to": [12.5, 12, 11],
			"rotation": {"angle": 45, "axis": "z", "origin": [8, -1, 7.5]},
			"faces": {
				"north": {"uv": [0, 0.5, 8, 3.5], "rotation": 90, "texture": "#2"},
				"east": {"uv": [4.125, 5.5, 4.875, 8.75], "texture": "#2"},
				"south": {"uv": [0, 0.5, 8, 3.5], "rotation": 90, "texture": "#2"},
				"west": {"uv": [4.875, 5.5, 5.625, 8.75], "texture": "#2"},
				"up": {"uv": [9.75, 12, 9, 10.875], "rotation": 90, "texture": "#missing"},
				"down": {"uv": [7.875, 11, 7.125, 12.125], "rotation": 270, "texture": "#missing"}
			}
		},
		{
			"name": "Gear4",
			"from": [-5, -5.5, 5.05],
			"to": [21, 3.5, 10.95],
			"rotation": {"angle": 0, "axis": "y", "origin": [16, -9, 15.5]},
			"faces": {
				"north": {"uv": [0, 0.5, 8, 3.5], "rotation": 90, "texture": "#2"},
				"east": {"uv": [7.875, 11, 8.625, 12.125], "texture": "#missing"},
				"south": {"uv": [0, 0.5, 8, 3.5], "rotation": 90, "texture": "#2"},
				"west": {"uv": [9.75, 11, 10.5, 12.125], "texture": "#missing"},
				"up": {"uv": [6.375, 5.5, 5.625, 2.25], "rotation": 90, "texture": "#missing"},
				"down": {"uv": [6.375, 5.5, 5.625, 8.75], "rotation": 270, "texture": "#missing"}
			}
		},
		{
			"name": "GearCaseOuter",
			"from": [4, -5, 3.5],
			"to": [12, 3, 12.5],
			"rotation": {"angle": 0, "axis": "y", "origin": [16, -9, 15.5]},
			"faces": {
				"north": {"uv": [8.5, 8.5, 12.5, 12.5], "texture": "#2"},
				"east": {"uv": [16, 4, 8.025, 0], "rotation": 90, "texture": "#2"},
				"south": {"uv": [8.5, 8.5, 12.5, 12.5], "texture": "#2"},
				"west": {"uv": [16, 4, 8.025, 0], "rotation": 90, "texture": "#2"},
				"up": {"uv": [16, 4, 8.025, 0], "rotation": 90, "texture": "#2"},
				"down": {"uv": [16, 4, 8.025, 0], "rotation": 90, "texture": "#2"}
			}
		},
		{
			"name": "Gear",
			"from": [2.3, 7, 2.65],
			"to": [13.7, 13, 13.45],
			"rotation": {"angle": 0, "axis": "y", "origin": [8, -0.85, 3]},
			"faces": {
				"north": {"uv": [1.025, 2.025, 11, 14.975], "rotation": 90, "texture": "#3"},
				"east": {"uv": [9.125, 2.625, 10.5, 3.375], "texture": "#3"},
				"south": {"uv": [1.025, 2.025, 11, 14.975], "rotation": 90, "texture": "#3"},
				"west": {"uv": [9.125, 4.125, 10.5, 4.875], "texture": "#3"},
				"up": {"uv": [14, 16, 2, 1], "rotation": 90, "texture": "#3"},
				"down": {"uv": [14, 16, 2, 1], "rotation": 90, "texture": "#3"}
			}
		},
		{
			"name": "Gear",
			"from": [2.3, 7, 2.55],
			"to": [13.7, 13, 13.55],
			"rotation": {"angle": -45, "axis": "z", "origin": [8, -0.85, 3]},
			"faces": {
				"north": {"uv": [1.025, 2.025, 11, 14.975], "rotation": 90, "texture": "#3"},
				"east": {"uv": [9.125, 5.625, 10.5, 6.375], "texture": "#3"},
				"south": {"uv": [1.025, 2.025, 11, 14.975], "rotation": 90, "texture": "#3"},
				"west": {"uv": [9.125, 6.375, 10.5, 7.125], "texture": "#3"},
				"up": {"uv": [14, 16, 2, 1], "rotation": 90, "texture": "#3"},
				"down": {"uv": [14, 16, 2, 1], "rotation": 90, "texture": "#3"}
			}
		},
		{
			"name": "Gear",
			"from": [15.85, -6.55, 2.65],
			"to": [21.85, 4.85, 13.45],
			"rotation": {"angle": 0, "axis": "x", "origin": [8, -0.85, 3]},
			"faces": {
				"north": {"uv": [1, 2.025, 8.95, 15], "texture": "#3"},
				"east": {"uv": [14, 16, 2, 1], "texture": "#3"},
				"south": {"uv": [7, 2.025, 14.95, 15], "texture": "#3"},
				"west": {"uv": [14, 16, 2, 1], "texture": "#3"},
				"up": {"uv": [10.75, 0.75, 9.375, 0], "rotation": 90, "texture": "#3"},
				"down": {"uv": [9, 9.5, 7.625, 10.25], "rotation": 270, "texture": "#3"}
			}
		},
		{
			"name": "Gear",
			"from": [15.85, -6.55, 2.55],
			"to": [21.85, 4.85, 13.55],
			"rotation": {"angle": -45, "axis": "z", "origin": [8, -0.85, 3]},
			"faces": {
				"north": {"uv": [1, 2.025, 8.95, 15], "texture": "#3"},
				"east": {"uv": [14, 16, 2, 1], "texture": "#3"},
				"south": {"uv": [7, 2.025, 14.95, 15], "texture": "#3"},
				"west": {"uv": [14, 16, 2, 1], "texture": "#3"},
				"up": {"uv": [11.125, 10.25, 9.75, 9.5], "rotation": 90, "texture": "#3"},
				"down": {"uv": [7.625, 9.875, 6.25, 10.625], "rotation": 270, "texture": "#3"}
			}
		},
		{
			"name": "Gear",
			"from": [2.3, -14.7, 2.65],
			"to": [13.7, -8.7, 13.45],
			"rotation": {"angle": 0, "axis": "x", "origin": [8, -0.85, 3]},
			"faces": {
				"north": {"uv": [5.025, 2.025, 15, 14.975], "rotation": 90, "texture": "#3"},
				"east": {"uv": [2.25, 10, 3.625, 10.75], "texture": "#3"},
				"south": {"uv": [5.025, 2.025, 15, 14.975], "rotation": 90, "texture": "#3"},
				"west": {"uv": [10.125, 7.875, 11.5, 8.625], "texture": "#3"},
				"up": {"uv": [14, 16, 2, 1], "rotation": 90, "texture": "#3"},
				"down": {"uv": [14, 16, 2, 1], "rotation": 90, "texture": "#3"}
			}
		},
		{
			"name": "Gear",
			"from": [2.3, -14.7, 2.55],
			"to": [13.7, -8.7, 13.55],
			"rotation": {"angle": -45, "axis": "z", "origin": [8, -0.85, 3]},
			"faces": {
				"north": {"uv": [5.025, 2.025, 15, 14.975], "rotation": 90, "texture": "#3"},
				"east": {"uv": [10.25, 0.75, 11.625, 1.5], "texture": "#3"},
				"south": {"uv": [5.025, 2.025, 15, 14.975], "rotation": 90, "texture": "#3"},
				"west": {"uv": [7.625, 10.25, 9, 11], "texture": "#3"},
				"up": {"uv": [14, 16, 2, 1], "rotation": 90, "texture": "#3"},
				"down": {"uv": [14, 16, 2, 1], "rotation": 90, "texture": "#3"}
			}
		},
		{
			"name": "Gear",
			"from": [-5.85, -6.55, 2.65],
			"to": [0.15, 4.85, 13.45],
			"rotation": {"angle": 0, "axis": "x", "origin": [8, -0.85, 3]},
			"faces": {
				"north": {"uv": [7, 2.025, 14.95, 15], "texture": "#3"},
				"east": {"uv": [14, 16, 2, 1], "texture": "#3"},
				"south": {"uv": [1, 2.025, 8.95, 15], "texture": "#3"},
				"west": {"uv": [14, 16, 2, 1], "texture": "#3"},
				"up": {"uv": [11.875, 4.375, 10.5, 3.625], "rotation": 90, "texture": "#3"},
				"down": {"uv": [11.875, 4.375, 10.5, 5.125], "rotation": 270, "texture": "#3"}
			}
		},
		{
			"name": "Gear",
			"from": [-5.85, -6.55, 2.55],
			"to": [0.15, 4.85, 13.55],
			"rotation": {"angle": -45, "axis": "z", "origin": [8, -0.85, 3]},
			"faces": {
				"north": {"uv": [7, 2.025, 14.95, 15], "texture": "#3"},
				"east": {"uv": [14, 16, 2, 1], "texture": "#3"},
				"south": {"uv": [1, 2.025, 8.95, 15], "texture": "#3"},
				"west": {"uv": [14, 16, 2, 1], "texture": "#3"},
				"up": {"uv": [1.375, 11.375, 0, 10.625], "rotation": 90, "texture": "#3"},
				"down": {"uv": [7.125, 10.625, 5.75, 11.375], "rotation": 270, "texture": "#3"}
			}
		},
		{
			"from": [5, -7.15, 9],
			"to": [11, -4.75, 14],
			"rotation": {"angle": 0, "axis": "y", "origin": [5, -6.5, 11]},
			"faces": {
				"north": {"uv": [3.5, 2, 4.5, 2.5], "texture": "#2"},
				"east": {"uv": [3, 4.5, 4.25, 5], "texture": "#2"},
				"south": {"uv": [5, 2, 6, 2.5], "texture": "#2"},
				"west": {"uv": [4.25, 4.5, 5.5, 5], "texture": "#2"},
				"up": {"uv": [6.5, 1.5, 4, 0], "texture": "#2"},
				"down": {"uv": [3, 4.5, 2, 5.75], "texture": "#2"}
			}
		},
		{
			"from": [2, -7.15, 19],
			"to": [14, -4.75, 22],
			"rotation": {"angle": 0, "axis": "y", "origin": [5, -6.5, 21]},
			"faces": {
				"north": {"uv": [3.5, 2, 4.5, 2.5], "texture": "#2"},
				"east": {"uv": [3, 4.5, 4.25, 5], "texture": "#2"},
				"south": {"uv": [5, 2, 6, 2.5], "texture": "#2"},
				"west": {"uv": [4.25, 4.5, 5.5, 5], "texture": "#2"},
				"up": {"uv": [6.5, 1.5, 4, 0], "texture": "#2"},
				"down": {"uv": [3, 4.5, 2, 5.75], "texture": "#2"}
			}
		},
		{
			"from": [0, -7.4, 18.5],
			"to": [4, -4.75, 22.5],
			"rotation": {"angle": 0, "axis": "y", "origin": [-1, -7, 21]},
			"faces": {
				"north": {"uv": [3.5, 2, 4.5, 2.5], "texture": "#2"},
				"east": {"uv": [3, 4.5, 4.25, 5], "texture": "#2"},
				"south": {"uv": [5, 2, 6, 2.5], "texture": "#2"},
				"west": {"uv": [4.25, 4.5, 5.5, 5], "texture": "#2"},
				"up": {"uv": [6.5, 1.5, 4, 0], "texture": "#2"},
				"down": {"uv": [3, 4.5, 2, 5.75], "texture": "#2"}
			}
		},
		{
			"from": [6.5, 2, 9.5],
			"to": [9.5, 4, 31.5],
			"rotation": {"angle": 0, "axis": "y", "origin": [8, 2, 21.5]},
			"faces": {
				"north": {"uv": [5.5, 0, 6, 0.5], "texture": "#2"},
				"east": {"uv": [1, 2.5, 6, 3], "texture": "#2"},
				"south": {"uv": [5.5, 0.5, 6, 1], "texture": "#2"},
				"west": {"uv": [1, 3, 6, 3.5], "texture": "#2"},
				"up": {"uv": [7.5, 16, 7, 11], "texture": "#2"},
				"down": {"uv": [2, 3.5, 1.5, 8.5], "texture": "#2"}
			}
		},
		{
			"from": [5, 1.5, 29],
			"to": [11, 4.25, 32],
			"rotation": {"angle": 0, "axis": "y", "origin": [5, 2, 29]},
			"faces": {
				"north": {"uv": [2, 3.5, 6.5, 4], "texture": "#2"},
				"east": {"uv": [2.5, 5, 3.25, 5.5], "texture": "#2"},
				"south": {"uv": [2, 4, 6.5, 4.5], "texture": "#2"},
				"west": {"uv": [3.75, 5, 4.5, 5.5], "texture": "#2"},
				"up": {"uv": [4.5, 0.75, 0, 0], "texture": "#2"},
				"down": {"uv": [4.5, 0.75, 0, 1.5], "texture": "#2"}
			}
		},
		{
			"from": [6, 1.85, 8.5],
			"to": [10, 4.25, 12.5],
			"rotation": {"angle": 0, "axis": "y", "origin": [5, 2, 11]},
			"faces": {
				"north": {"uv": [3.5, 2, 4.5, 2.5], "texture": "#2"},
				"east": {"uv": [3, 4.5, 4.25, 5], "texture": "#2"},
				"south": {"uv": [5, 2, 6, 2.5], "texture": "#2"},
				"west": {"uv": [4.25, 4.5, 5.5, 5], "texture": "#2"},
				"up": {"uv": [11.5, 11.5, 9.5, 9.5], "texture": "#2"},
				"down": {"uv": [3, 4.5, 2, 5.75], "texture": "#2"}
			}
		},
		{
			"from": [16, -7.35, 29],
			"to": [20, -4.6, 32],
			"rotation": {"angle": 0, "axis": "y", "origin": [7, -6.85, 29]},
			"faces": {
				"north": {"uv": [2, 3.5, 6.5, 4], "texture": "#2"},
				"east": {"uv": [2.5, 5, 3.25, 5.5], "texture": "#2"},
				"south": {"uv": [2, 4, 6.5, 4.5], "texture": "#2"},
				"west": {"uv": [3.75, 5, 4.5, 5.5], "texture": "#2"},
				"up": {"uv": [4.5, 0.75, 0, 0], "texture": "#2"},
				"down": {"uv": [4.5, 0.75, 0, 1.5], "texture": "#2"}
			}
		},
		{
			"from": [-4, -7.35, 29],
			"to": [0, -4.6, 32],
			"rotation": {"angle": 0, "axis": "y", "origin": [3, -6.85, 29]},
			"faces": {
				"north": {"uv": [2, 3.5, 6.5, 4], "texture": "#2"},
				"east": {"uv": [2.5, 5, 3.25, 5.5], "texture": "#2"},
				"south": {"uv": [2, 4, 6.5, 4.5], "texture": "#2"},
				"west": {"uv": [3.75, 5, 4.5, 5.5], "texture": "#2"},
				"up": {"uv": [4.5, 0.75, 0, 0], "texture": "#2"},
				"down": {"uv": [4.5, 0.75, 0, 1.5], "texture": "#2"}
			}
		},
		{
			"from": [13.25, -7.5, 9],
			"to": [15.25, -4.5, 30],
			"rotation": {"angle": 22.5, "axis": "y", "origin": [14.25, -6.5, 20]},
			"faces": {
				"north": {"uv": [5.5, 0, 6, 0.5], "texture": "#2"},
				"east": {"uv": [1, 2.5, 6, 3], "texture": "#2"},
				"south": {"uv": [5.5, 0.5, 6, 1], "texture": "#2"},
				"west": {"uv": [1, 3, 6, 3.5], "texture": "#2"},
				"up": {"uv": [7.5, 16, 7, 11], "texture": "#2"},
				"down": {"uv": [2, 3.5, 1.5, 8.5], "texture": "#2"}
			}
		},
		{
			"from": [0.75, -7.5, 9.5],
			"to": [2.75, -4.5, 30.5],
			"rotation": {"angle": -22.5, "axis": "y", "origin": [2.75, -6.5, 20.5]},
			"faces": {
				"north": {"uv": [5.5, 0, 6, 0.5], "texture": "#2"},
				"east": {"uv": [1, 2.5, 6, 3], "texture": "#2"},
				"south": {"uv": [5.5, 0.5, 6, 1], "texture": "#2"},
				"west": {"uv": [1, 3, 6, 3.5], "texture": "#2"},
				"up": {"uv": [7.5, 16, 7, 11], "texture": "#2"},
				"down": {"uv": [2, 3.5, 1.5, 8.5], "texture": "#2"}
			}
		},
		{
			"from": [-1.5, -5, 17],
			"to": [5.5, 9, 24],
			"rotation": {"angle": 0, "axis": "x", "origin": [-1.5, 8, 17]},
			"faces": {
				"north": {"uv": [0, 0, 3.5, 7], "texture": "#1"},
				"east": {"uv": [3.5, 0, 7, 7], "texture": "#1"},
				"south": {"uv": [0, 7, 3.5, 14], "texture": "#1"},
				"west": {"uv": [7, 0, 10.5, 7], "texture": "#1"},
				"up": {"uv": [7, 10.5, 3.5, 7], "texture": "#1"},
				"down": {"uv": [10.5, 7, 7, 10.5], "texture": "#1"}
			}
		},
		{
			"from": [-1.5, 9, 17],
			"to": [5.5, 11, 24],
			"rotation": {"angle": 0, "axis": "x", "origin": [4.5, -5, 17]},
			"faces": {
				"north": {"uv": [0, 0, 1.75, 0.5], "texture": "#2"},
				"east": {"uv": [2.05, 0, 3.8, 0.5], "texture": "#2"},
				"south": {"uv": [4.25, 0, 6, 0.5], "texture": "#2"},
				"west": {"uv": [0.25, 7, 2, 7.5], "texture": "#2"},
				"up": {"uv": [7.75, 8.75, 6, 7], "texture": "#2"},
				"down": {"uv": [2, 5, 0.25, 6.75], "texture": "#2"}
			}
		},
		{
			"from": [0, 9, 21],
			"to": [4, 11, 32],
			"rotation": {"angle": 22.5, "axis": "x", "origin": [1, 9, 24]},
			"faces": {
				"north": {"uv": [0, 0, 1, 0.5], "texture": "#2"},
				"east": {"uv": [0, 0, 2, 0.5], "texture": "#2"},
				"south": {"uv": [0, 0, 1, 0.5], "texture": "#2"},
				"west": {"uv": [0, 0, 2, 0.5], "texture": "#2"},
				"up": {"uv": [0, 0, 1, 2], "texture": "#2"},
				"down": {"uv": [0, 0, 1, 2], "texture": "#2"}
			}
		}
	],
	"display": {
		"thirdperson_righthand": {
			"rotation": [75, 45, 0],
			"translation": [0, 2.5, 0],
			"scale": [0.375, 0.375, 0.375]
		},
		"thirdperson_lefthand": {
			"rotation": [75, 45, 0],
			"translation": [0, 2.5, 0],
			"scale": [0.375, 0.375, 0.375]
		},
		"firstperson_righthand": {
			"rotation": [0, 45, 0],
			"scale": [0.4, 0.4, 0.4]
		},
		"firstperson_lefthand": {
			"rotation": [0, 225, 0],
			"scale": [0.4, 0.4, 0.4]
		},
		"ground": {
			"translation": [0, 3, 0],
			"scale": [0.25, 0.25, 0.25]
		},
		"gui": {
			"rotation": [30, -145, 0],
			"translation": [2.25, 2.75, 0],
			"scale": [0.5, 0.5, 0.5]
		},
		"fixed": {
			"rotation": [0, 90, 0],
			"translation": [0, 2.25, 0],
			"scale": [0.45, 0.45, 0.45]
		}
	},
	"groups": [
		{
			"name": "cogwheel_shaftless",
			"origin": [8, 8, 8],
			"color": 0,
			"children": [0, 1, 2, 3, 4]
		},
		{
			"name": "cogwheel_shaftless",
			"origin": [8, 8, 8],
			"color": 0,
			"children": [5, 6, 7, 8, 9, 10, 11, 12]
		},
		{
			"name": "simple_wheel_ribs",
			"origin": [8, 8, 8],
			"color": 0,
			"children": [
				{
					"name": "shaft",
					"origin": [8, 8, 8],
					"color": 0,
					"children": []
				}
			]
		},
		{
			"name": "simple_wheel_concept",
			"origin": [8, 8, 8],
			"color": 0,
			"children": [
				{
					"name": "shaft",
					"origin": [8, 8, 8],
					"color": 0,
					"children": []
				},
				13,
				14,
				15,
				16,
				17,
				18,
				19,
				20,
				21,
				22,
				23,
				{
					"name": "simple_wheel_spring_base",
					"origin": [8, 8, 8],
					"color": 0,
					"children": [
						{
							"name": "shaft",
							"origin": [8, 8, 8],
							"color": 0,
							"children": []
						},
						24,
						25
					]
				}
			]
		}
	]
}