{
	"credit": "Made with Blockbench",
	"parent": "create:block/large_wheels",
	"texture_size": [32, 32],
	"textures": {
		"0": "create:block/axis",
		"1": "create:block/axis_top",
		"3": "create:block/cogwheel",
		"particle": "create:block/axis"
	},
	"elements": [
		{
			"name": "Gear",
			"from": [2.55, -8, 5.5],
			"to": [6.45, 6, 10.5],
			"rotation": {"angle": 0, "axis": "y", "origin": [12, -9, 0]},
			"faces": {
				"north": {"uv": [7, 8, 16, 9.5], "rotation": 90, "texture": "#3"},
				"east": {"uv": [7, 6, 16, 7.5], "rotation": 270, "texture": "#3"},
				"south": {"uv": [7, 8, 16, 9.5], "rotation": 270, "texture": "#3"},
				"west": {"uv": [7, 6, 16, 7.5], "rotation": 270, "texture": "#3"},
				"up": {"uv": [5, 8, 6.5, 9.5], "rotation": 270, "texture": "#3"},
				"down": {"uv": [5, 8, 6.5, 9.5], "rotation": 270, "texture": "#3"}
			}
		},
		{
			"name": "Gear2",
			"from": [2.5, -8, 5.5],
			"to": [6.5, 6, 10.5],
			"rotation": {"angle": -45, "axis": "x", "origin": [4, -1, 8]},
			"faces": {
				"north": {"uv": [7, 8, 16, 9.5], "rotation": 90, "texture": "#3"},
				"east": {"uv": [7, 6, 16, 7.5], "rotation": 270, "texture": "#3"},
				"south": {"uv": [7, 8, 16, 9.5], "rotation": 270, "texture": "#3"},
				"west": {"uv": [7, 6, 16, 7.5], "rotation": 270, "texture": "#3"},
				"up": {"uv": [5, 8, 6.5, 9.5], "rotation": 270, "texture": "#3"},
				"down": {"uv": [5, 8, 6.5, 9.5], "rotation": 270, "texture": "#3"}
			}
		},
		{
			"name": "Gear3",
			"from": [2.5, -8, 5.5],
			"to": [6.5, 6, 10.5],
			"rotation": {"angle": 45, "axis": "x", "origin": [4, -1, 8]},
			"faces": {
				"north": {"uv": [7, 8, 16, 9.5], "rotation": 90, "texture": "#3"},
				"east": {"uv": [7, 6, 16, 7.5], "rotation": 270, "texture": "#3"},
				"south": {"uv": [7, 8, 16, 9.5], "rotation": 270, "texture": "#3"},
				"west": {"uv": [7, 6, 16, 7.5], "rotation": 270, "texture": "#3"},
				"up": {"uv": [5, 8, 6.5, 9.5], "rotation": 270, "texture": "#3"},
				"down": {"uv": [5, 8, 6.5, 9.5], "rotation": 270, "texture": "#3"}
			}
		},
		{
			"name": "Gear4",
			"from": [2.55, -3.5, 1],
			"to": [6.45, 1.5, 15],
			"rotation": {"angle": 0, "axis": "y", "origin": [12, -9, 0]},
			"faces": {
				"north": {"uv": [5, 8, 6.5, 9.5], "rotation": 90, "texture": "#3"},
				"east": {"uv": [7, 6, 16, 7.5], "texture": "#3"},
				"south": {"uv": [5, 8, 6.5, 9.5], "rotation": 270, "texture": "#3"},
				"west": {"uv": [7, 6, 16, 7.5], "texture": "#3"},
				"up": {"uv": [7, 8, 16, 9.5], "rotation": 270, "texture": "#3"},
				"down": {"uv": [7, 8, 16, 9.5], "rotation": 270, "texture": "#3"}
			}
		},
		{
			"name": "GearCaseOuter",
			"from": [2, -5, 4],
			"to": [6, 3, 12],
			"rotation": {"angle": 0, "axis": "y", "origin": [12, -9, 0]},
			"faces": {
				"north": {"uv": [0, 4, 4, 6], "rotation": 90, "texture": "#3"},
				"east": {"uv": [0, 0, 4, 4], "rotation": 270, "texture": "#3"},
				"south": {"uv": [0, 4, 4, 6], "rotation": 270, "texture": "#3"},
				"west": {"uv": [0, 0, 4, 4], "rotation": 270, "texture": "#3"},
				"up": {"uv": [0, 4, 4, 6], "rotation": 270, "texture": "#3"},
				"down": {"uv": [0, 4, 4, 6], "rotation": 270, "texture": "#3"}
			}
		},
		{
			"name": "Gear",
			"from": [9.55, -8, 5.5],
			"to": [13.45, 6, 10.5],
			"rotation": {"angle": 0, "axis": "y", "origin": [20, -9, 0]},
			"faces": {
				"north": {"uv": [7, 8, 16, 9.5], "rotation": 90, "texture": "#3"},
				"east": {"uv": [7, 6, 16, 7.5], "rotation": 270, "texture": "#3"},
				"south": {"uv": [7, 8, 16, 9.5], "rotation": 270, "texture": "#3"},
				"west": {"uv": [7, 6, 16, 7.5], "rotation": 270, "texture": "#3"},
				"up": {"uv": [5, 8, 6.5, 9.5], "rotation": 270, "texture": "#3"},
				"down": {"uv": [5, 8, 6.5, 9.5], "rotation": 270, "texture": "#3"}
			}
		},
		{
			"name": "Gear3",
			"from": [9.5, -8, 5.5],
			"to": [13.5, 6, 10.5],
			"rotation": {"angle": -45, "axis": "x", "origin": [12, -1, 8]},
			"faces": {
				"north": {"uv": [7, 8, 16, 9.5], "rotation": 90, "texture": "#3"},
				"east": {"uv": [7, 6, 16, 7.5], "rotation": 270, "texture": "#3"},
				"south": {"uv": [7, 8, 16, 9.5], "rotation": 270, "texture": "#3"},
				"west": {"uv": [7, 6, 16, 7.5], "rotation": 270, "texture": "#3"},
				"up": {"uv": [5, 8, 6.5, 9.5], "rotation": 270, "texture": "#3"},
				"down": {"uv": [5, 8, 6.5, 9.5], "rotation": 270, "texture": "#3"}
			}
		},
		{
			"name": "Gear4",
			"from": [9.5, -8, 5.5],
			"to": [13.5, 6, 10.5],
			"rotation": {"angle": 45, "axis": "x", "origin": [12, -1, 8]},
			"faces": {
				"north": {"uv": [7, 8, 16, 9.5], "rotation": 90, "texture": "#3"},
				"east": {"uv": [7, 6, 16, 7.5], "rotation": 270, "texture": "#3"},
				"south": {"uv": [7, 8, 16, 9.5], "rotation": 270, "texture": "#3"},
				"west": {"uv": [7, 6, 16, 7.5], "rotation": 270, "texture": "#3"},
				"up": {"uv": [5, 8, 6.5, 9.5], "rotation": 270, "texture": "#3"},
				"down": {"uv": [5, 8, 6.5, 9.5], "rotation": 270, "texture": "#3"}
			}
		},
		{
			"name": "Gear5",
			"from": [9.55, -3.5, 1],
			"to": [13.45, 1.5, 15],
			"rotation": {"angle": 0, "axis": "y", "origin": [20, -9, 0]},
			"faces": {
				"north": {"uv": [5, 8, 6.5, 9.5], "rotation": 90, "texture": "#3"},
				"east": {"uv": [7, 6, 16, 7.5], "texture": "#3"},
				"south": {"uv": [5, 8, 6.5, 9.5], "rotation": 270, "texture": "#3"},
				"west": {"uv": [7, 6, 16, 7.5], "texture": "#3"},
				"up": {"uv": [7, 8, 16, 9.5], "rotation": 270, "texture": "#3"},
				"down": {"uv": [7, 8, 16, 9.5], "rotation": 270, "texture": "#3"}
			}
		},
		{
			"name": "GearCaseOuter",
			"from": [10, -5, 4],
			"to": [14, 3, 12],
			"rotation": {"angle": 0, "axis": "y", "origin": [20, -9, 0]},
			"faces": {
				"north": {"uv": [0, 4, 4, 6], "rotation": 90, "texture": "#3"},
				"east": {"uv": [0, 0, 4, 4], "rotation": 270, "texture": "#3"},
				"south": {"uv": [0, 4, 4, 6], "rotation": 270, "texture": "#3"},
				"west": {"uv": [0, 0, 4, 4], "rotation": 270, "texture": "#3"},
				"up": {"uv": [0, 4, 4, 6], "rotation": 270, "texture": "#3"},
				"down": {"uv": [0, 4, 4, 6], "rotation": 270, "texture": "#3"}
			}
		},
		{
			"name": "Axis",
			"from": [1, -3, 6],
			"to": [15, 1, 10],
			"faces": {
				"north": { "texture": "#0", "uv": [ 6.0, 0.0, 10.0, 16.0 ] },
				"east": { "texture": "#0", "uv": [ 6.0, 0.0, 10.0, 16.0 ] },
				"south": { "texture": "#0", "uv": [ 6.0, 0.0, 10.0, 16.0 ] },
				"west": { "texture": "#0", "uv": [ 6.0, 0.0, 10.0, 16.0 ] },
				"up": { "texture": "#1", "uv": [ 6.0, 6.0, 10.0, 10.0 ] },
				"down": { "texture": "#1", "uv": [ 6.0, 6.0, 10.0, 10.0 ] }
			}
		}
	],
	"display": {
		"thirdperson_righthand": {
			"rotation": [75, 45, 0],
			"translation": [0, 2.5, 0],
			"scale": [0.375, 0.375, 0.375]
		},
		"thirdperson_lefthand": {
			"rotation": [75, 45, 0],
			"translation": [0, 2.5, 0],
			"scale": [0.375, 0.375, 0.375]
		},
		"firstperson_righthand": {
			"rotation": [0, 45, 0],
			"scale": [0.4, 0.4, 0.4]
		},
		"firstperson_lefthand": {
			"rotation": [0, 225, 0],
			"scale": [0.4, 0.4, 0.4]
		},
		"ground": {
			"translation": [0, 3, 0],
			"scale": [0.25, 0.25, 0.25]
		},
		"gui": {
			"rotation": [30, 225, 0],
			"translation": [0, 1.5, 0],
			"scale": [0.5, 0.5, 0.5]
		},
		"fixed": {
			"rotation": [0, 90, 0],
			"translation": [0, 2.25, 0],
			"scale": [0.45, 0.45, 0.45]
		}
	},
	"groups": [
		{
			"name": "cogwheel_shaftless",
			"origin": [8, 8, 8],
			"color": 0,
			"children": [0, 1, 2, 3, 4]
		},
		{
			"name": "cogwheel_shaftless",
			"origin": [8, 8, 8],
			"color": 0,
			"children": [5, 6, 7, 8, 9]
		},
		{
			"name": "axle",
			"origin": [8, 8, 8],
			"color": 0,
			"children": [10]
		}
	]
}