{
	"credit": "Made with Blockbench",
	"parent": "create:block/large_wheels",
	"texture_size": [32, 32],
	"textures": {
		"3": "trackwork:block/cogwheel",
		"particle": "create:block/andesite_casing"
	},
	"elements": [
		{
			"name": "Gear",
			"from": [1.5, -13, 5.5],
			"to": [4.5, 12, 10.5],
			"rotation": {"angle": 0, "axis": "y", "origin": [11, -9, 0]},
			"faces": {
				"north": {"uv": [7, 8, 16, 9.5], "rotation": 90, "texture": "#3"},
				"east": {"uv": [7, 6, 16, 7.5], "rotation": 270, "texture": "#3"},
				"south": {"uv": [7, 8, 16, 9.5], "rotation": 270, "texture": "#3"},
				"west": {"uv": [7, 6, 16, 7.5], "rotation": 270, "texture": "#3"},
				"up": {"uv": [5, 8, 6.5, 9.5], "rotation": 270, "texture": "#3"},
				"down": {"uv": [5, 8, 6.5, 9.5], "rotation": 270, "texture": "#3"}
			}
		},
		{
			"name": "Gear2",
			"from": [1.5, -13, 5.5],
			"to": [4.5, 12, 10.5],
			"rotation": {"angle": -45, "axis": "x", "origin": [3, -1, 8]},
			"faces": {
				"north": {"uv": [7, 8, 16, 9.5], "rotation": 90, "texture": "#3"},
				"east": {"uv": [7, 6, 16, 7.5], "rotation": 270, "texture": "#3"},
				"south": {"uv": [7, 8, 16, 9.5], "rotation": 270, "texture": "#3"},
				"west": {"uv": [7, 6, 16, 7.5], "rotation": 270, "texture": "#3"},
				"up": {"uv": [5, 8, 6.5, 9.5], "rotation": 270, "texture": "#3"},
				"down": {"uv": [5, 8, 6.5, 9.5], "rotation": 270, "texture": "#3"}
			}
		},
		{
			"name": "Gear3",
			"from": [1.5, -13, 5.5],
			"to": [4.5, 12, 10.5],
			"rotation": {"angle": 45, "axis": "x", "origin": [3, -1, 8]},
			"faces": {
				"north": {"uv": [7, 8, 16, 9.5], "rotation": 90, "texture": "#3"},
				"east": {"uv": [7, 6, 16, 7.5], "rotation": 270, "texture": "#3"},
				"south": {"uv": [7, 8, 16, 9.5], "rotation": 270, "texture": "#3"},
				"west": {"uv": [7, 6, 16, 7.5], "rotation": 270, "texture": "#3"},
				"up": {"uv": [5, 8, 6.5, 9.5], "rotation": 270, "texture": "#3"},
				"down": {"uv": [5, 8, 6.5, 9.5], "rotation": 270, "texture": "#3"}
			}
		},
		{
			"name": "Gear4",
			"from": [1.5, -3.5, -4.5],
			"to": [4.5, 1.5, 20.5],
			"rotation": {"angle": 0, "axis": "y", "origin": [11, -9, 0]},
			"faces": {
				"north": {"uv": [5, 8, 6.5, 9.5], "rotation": 90, "texture": "#3"},
				"east": {"uv": [7, 6, 16, 7.5], "texture": "#3"},
				"south": {"uv": [5, 8, 6.5, 9.5], "rotation": 270, "texture": "#3"},
				"west": {"uv": [7, 6, 16, 7.5], "texture": "#3"},
				"up": {"uv": [7, 8, 16, 9.5], "rotation": 270, "texture": "#3"},
				"down": {"uv": [7, 8, 16, 9.5], "rotation": 270, "texture": "#3"}
			}
		},
		{
			"name": "GearCaseInner",
			"from": [1.55, -9.5, -0.5],
			"to": [4.45, 7.5, 16.5],
			"rotation": {"angle": 0, "axis": "y", "origin": [11, -9, 0]},
			"faces": {
				"north": {"uv": [0, 6, 6, 7.5], "rotation": 90, "texture": "#3"},
				"east": {"uv": [4, 0, 10, 6], "rotation": 270, "texture": "#3"},
				"south": {"uv": [0, 6, 6, 7.5], "rotation": 270, "texture": "#3"},
				"west": {"uv": [4, 0, 10, 6], "rotation": 270, "texture": "#3"},
				"up": {"uv": [0, 6, 6, 7.5], "rotation": 270, "texture": "#3"},
				"down": {"uv": [0, 6, 6, 7.5], "rotation": 270, "texture": "#3"}
			}
		},
		{
			"name": "GearCaseOuter",
			"from": [1, -7, 2],
			"to": [8, 5, 14],
			"rotation": {"angle": 0, "axis": "y", "origin": [11, -9, 0]},
			"faces": {
				"north": {"uv": [0, 4, 4, 6], "rotation": 90, "texture": "#3"},
				"east": {"uv": [0, 0, 4, 4], "rotation": 270, "texture": "#3"},
				"south": {"uv": [0, 4, 4, 6], "rotation": 270, "texture": "#3"},
				"west": {"uv": [0, 0, 4, 4], "rotation": 270, "texture": "#3"},
				"up": {"uv": [0, 4, 4, 6], "rotation": 270, "texture": "#3"},
				"down": {"uv": [0, 4, 4, 6], "rotation": 270, "texture": "#3"}
			}
		},
		{
			"name": "Gear",
			"from": [11.5, -13, 5.5],
			"to": [14.5, 12, 10.5],
			"rotation": {"angle": 0, "axis": "y", "origin": [21, -9, 0]},
			"faces": {
				"north": {"uv": [7, 8, 16, 9.5], "rotation": 90, "texture": "#3"},
				"east": {"uv": [7, 6, 16, 7.5], "rotation": 270, "texture": "#3"},
				"south": {"uv": [7, 8, 16, 9.5], "rotation": 270, "texture": "#3"},
				"west": {"uv": [7, 6, 16, 7.5], "rotation": 270, "texture": "#3"},
				"up": {"uv": [5, 8, 6.5, 9.5], "rotation": 270, "texture": "#3"},
				"down": {"uv": [5, 8, 6.5, 9.5], "rotation": 270, "texture": "#3"}
			}
		},
		{
			"name": "Gear3",
			"from": [11.5, -13, 5.5],
			"to": [14.5, 12, 10.5],
			"rotation": {"angle": -45, "axis": "x", "origin": [13, -1, 8]},
			"faces": {
				"north": {"uv": [7, 8, 16, 9.5], "rotation": 90, "texture": "#3"},
				"east": {"uv": [7, 6, 16, 7.5], "rotation": 270, "texture": "#3"},
				"south": {"uv": [7, 8, 16, 9.5], "rotation": 270, "texture": "#3"},
				"west": {"uv": [7, 6, 16, 7.5], "rotation": 270, "texture": "#3"},
				"up": {"uv": [5, 8, 6.5, 9.5], "rotation": 270, "texture": "#3"},
				"down": {"uv": [5, 8, 6.5, 9.5], "rotation": 270, "texture": "#3"}
			}
		},
		{
			"name": "Gear4",
			"from": [11.5, -13, 5.5],
			"to": [14.5, 12, 10.5],
			"rotation": {"angle": 45, "axis": "x", "origin": [13, -1, 8]},
			"faces": {
				"north": {"uv": [7, 8, 16, 9.5], "rotation": 90, "texture": "#3"},
				"east": {"uv": [7, 6, 16, 7.5], "rotation": 270, "texture": "#3"},
				"south": {"uv": [7, 8, 16, 9.5], "rotation": 270, "texture": "#3"},
				"west": {"uv": [7, 6, 16, 7.5], "rotation": 270, "texture": "#3"},
				"up": {"uv": [5, 8, 6.5, 9.5], "rotation": 270, "texture": "#3"},
				"down": {"uv": [5, 8, 6.5, 9.5], "rotation": 270, "texture": "#3"}
			}
		},
		{
			"name": "Gear5",
			"from": [11.5, -3.5, -4.5],
			"to": [14.5, 1.5, 20.5],
			"rotation": {"angle": 0, "axis": "y", "origin": [21, -9, 0]},
			"faces": {
				"north": {"uv": [5, 8, 6.5, 9.5], "rotation": 90, "texture": "#3"},
				"east": {"uv": [7, 6, 16, 7.5], "texture": "#3"},
				"south": {"uv": [5, 8, 6.5, 9.5], "rotation": 270, "texture": "#3"},
				"west": {"uv": [7, 6, 16, 7.5], "texture": "#3"},
				"up": {"uv": [7, 8, 16, 9.5], "rotation": 270, "texture": "#3"},
				"down": {"uv": [7, 8, 16, 9.5], "rotation": 270, "texture": "#3"}
			}
		},
		{
			"name": "GearCaseInner",
			"from": [11.55, -9.5, -0.5],
			"to": [14.45, 7.5, 16.5],
			"rotation": {"angle": 0, "axis": "y", "origin": [21, -9, 0]},
			"faces": {
				"north": {"uv": [0, 6, 6, 7.5], "rotation": 90, "texture": "#3"},
				"east": {"uv": [4, 0, 10, 6], "rotation": 270, "texture": "#3"},
				"south": {"uv": [0, 6, 6, 7.5], "rotation": 270, "texture": "#3"},
				"west": {"uv": [4, 0, 10, 6], "rotation": 270, "texture": "#3"},
				"up": {"uv": [0, 6, 6, 7.5], "rotation": 270, "texture": "#3"},
				"down": {"uv": [0, 6, 6, 7.5], "rotation": 270, "texture": "#3"}
			}
		},
		{
			"name": "GearCaseOuter",
			"from": [8, -7, 2],
			"to": [15, 5, 14],
			"rotation": {"angle": 0, "axis": "y", "origin": [21, -9, 0]},
			"faces": {
				"north": {"uv": [0, 4, 4, 6], "rotation": 90, "texture": "#3"},
				"east": {"uv": [0, 0, 4, 4], "rotation": 270, "texture": "#3"},
				"south": {"uv": [0, 4, 4, 6], "rotation": 270, "texture": "#3"},
				"west": {"uv": [0, 0, 4, 4], "rotation": 270, "texture": "#3"},
				"up": {"uv": [0, 4, 4, 6], "rotation": 270, "texture": "#3"},
				"down": {"uv": [0, 4, 4, 6], "rotation": 270, "texture": "#3"}
			}
		}
	],
	"display": {
		"thirdperson_righthand": {
			"rotation": [75, 45, 0],
			"translation": [0, 2.5, 0],
			"scale": [0.375, 0.375, 0.375]
		},
		"thirdperson_lefthand": {
			"rotation": [75, 45, 0],
			"translation": [0, 2.5, 0],
			"scale": [0.375, 0.375, 0.375]
		},
		"firstperson_righthand": {
			"rotation": [0, 45, 0],
			"scale": [0.4, 0.4, 0.4]
		},
		"firstperson_lefthand": {
			"rotation": [0, 225, 0],
			"scale": [0.4, 0.4, 0.4]
		},
		"ground": {
			"translation": [0, 3, 0],
			"scale": [0.25, 0.25, 0.25]
		},
		"gui": {
			"rotation": [30, 225, 0],
			"translation": [0, 1.5, 0],
			"scale": [0.5, 0.5, 0.5]
		},
		"fixed": {
			"rotation": [0, 90, 0],
			"translation": [0, 2.25, 0],
			"scale": [0.45, 0.45, 0.45]
		}
	},
	"groups": [
		{
			"name": "cogwheel_shaftless",
			"origin": [8, 8, 8],
			"color": 0,
			"children": [0, 1, 2, 3, 4, 5]
		},
		{
			"name": "cogwheel_shaftless",
			"origin": [8, 8, 8],
			"color": 0,
			"children": [6, 7, 8, 9, 10, 11]
		}
	]
}