{
	"credit": "Made with Blockbench",
	"parent": "block/block",
	"texture_size": [32, 32],
	"textures": {
		"1": "trackwork:block/spring",
		"2": "trackwork:block/girder",
		"particle": "trackwork:block/spring"
	},
	"elements": [
		{
			"from": [5, -1.15, 9],
			"to": [11, 1.25, 14],
			"rotation": {"angle": 0, "axis": "y", "origin": [5, -0.5, 11]},
			"faces": {
				"north": {"uv": [3.5, 2, 4.5, 2.5], "texture": "#2"},
				"east": {"uv": [3, 4.5, 4.25, 5], "texture": "#2"},
				"south": {"uv": [5, 2, 6, 2.5], "texture": "#2"},
				"west": {"uv": [4.25, 4.5, 5.5, 5], "texture": "#2"},
				"up": {"uv": [6.5, 1.5, 4, 0], "texture": "#2"},
				"down": {"uv": [3, 4.5, 2, 5.75], "texture": "#2"}
			}
		},
		{
			"from": [2, -1.15, 19],
			"to": [14, 1.25, 22],
			"rotation": {"angle": 0, "axis": "y", "origin": [5, -0.5, 21]},
			"faces": {
				"north": {"uv": [3.5, 2, 4.5, 2.5], "texture": "#2"},
				"east": {"uv": [3, 4.5, 4.25, 5], "texture": "#2"},
				"south": {"uv": [5, 2, 6, 2.5], "texture": "#2"},
				"west": {"uv": [4.25, 4.5, 5.5, 5], "texture": "#2"},
				"up": {"uv": [6.5, 1.5, 4, 0], "texture": "#2"},
				"down": {"uv": [3, 4.5, 2, 5.75], "texture": "#2"}
			}
		},
		{
			"from": [0, -1.4, 18.5],
			"to": [4, 1.25, 22.5],
			"rotation": {"angle": 0, "axis": "y", "origin": [-1, -1, 21]},
			"faces": {
				"north": {"uv": [3.5, 2, 4.5, 2.5], "texture": "#2"},
				"east": {"uv": [3, 4.5, 4.25, 5], "texture": "#2"},
				"south": {"uv": [5, 2, 6, 2.5], "texture": "#2"},
				"west": {"uv": [4.25, 4.5, 5.5, 5], "texture": "#2"},
				"up": {"uv": [6.5, 1.5, 4, 0], "texture": "#2"},
				"down": {"uv": [3, 4.5, 2, 5.75], "texture": "#2"}
			}
		},
		{
			"from": [6.5, 8, 9.5],
			"to": [9.5, 10, 31.5],
			"rotation": {"angle": 0, "axis": "y", "origin": [8, 8, 21.5]},
			"faces": {
				"north": {"uv": [5.5, 0, 6, 0.5], "texture": "#2"},
				"east": {"uv": [1, 2.5, 6, 3], "texture": "#2"},
				"south": {"uv": [5.5, 0.5, 6, 1], "texture": "#2"},
				"west": {"uv": [1, 3, 6, 3.5], "texture": "#2"},
				"up": {"uv": [7.5, 16, 7, 11], "texture": "#2"},
				"down": {"uv": [2, 3.5, 1.5, 8.5], "texture": "#2"}
			}
		},
		{
			"from": [5, 7.5, 29],
			"to": [11, 10.25, 32],
			"rotation": {"angle": 0, "axis": "y", "origin": [5, 8, 29]},
			"faces": {
				"north": {"uv": [2, 3.5, 6.5, 4], "texture": "#2"},
				"east": {"uv": [2.5, 5, 3.25, 5.5], "texture": "#2"},
				"south": {"uv": [2, 4, 6.5, 4.5], "texture": "#2"},
				"west": {"uv": [3.75, 5, 4.5, 5.5], "texture": "#2"},
				"up": {"uv": [4.5, 0.75, 0, 0], "texture": "#2"},
				"down": {"uv": [4.5, 0.75, 0, 1.5], "texture": "#2"}
			}
		},
		{
			"from": [6, 7.85, 8.5],
			"to": [10, 10.25, 12.5],
			"rotation": {"angle": 0, "axis": "y", "origin": [5, 8, 11]},
			"faces": {
				"north": {"uv": [3.5, 2, 4.5, 2.5], "texture": "#2"},
				"east": {"uv": [3, 4.5, 4.25, 5], "texture": "#2"},
				"south": {"uv": [5, 2, 6, 2.5], "texture": "#2"},
				"west": {"uv": [4.25, 4.5, 5.5, 5], "texture": "#2"},
				"up": {"uv": [11.5, 11.5, 9.5, 9.5], "texture": "#2"},
				"down": {"uv": [3, 4.5, 2, 5.75], "texture": "#2"}
			}
		},
		{
			"from": [16, -1.35, 29],
			"to": [20, 1.4, 32],
			"rotation": {"angle": 0, "axis": "y", "origin": [7, -0.85, 29]},
			"faces": {
				"north": {"uv": [2, 3.5, 6.5, 4], "texture": "#2"},
				"east": {"uv": [2.5, 5, 3.25, 5.5], "texture": "#2"},
				"south": {"uv": [2, 4, 6.5, 4.5], "texture": "#2"},
				"west": {"uv": [3.75, 5, 4.5, 5.5], "texture": "#2"},
				"up": {"uv": [4.5, 0.75, 0, 0], "texture": "#2"},
				"down": {"uv": [4.5, 0.75, 0, 1.5], "texture": "#2"}
			}
		},
		{
			"from": [-4, -1.35, 29],
			"to": [0, 1.4, 32],
			"rotation": {"angle": 0, "axis": "y", "origin": [3, -0.85, 29]},
			"faces": {
				"north": {"uv": [2, 3.5, 6.5, 4], "texture": "#2"},
				"east": {"uv": [2.5, 5, 3.25, 5.5], "texture": "#2"},
				"south": {"uv": [2, 4, 6.5, 4.5], "texture": "#2"},
				"west": {"uv": [3.75, 5, 4.5, 5.5], "texture": "#2"},
				"up": {"uv": [4.5, 0.75, 0, 0], "texture": "#2"},
				"down": {"uv": [4.5, 0.75, 0, 1.5], "texture": "#2"}
			}
		},
		{
			"from": [13.25, -1.5, 9],
			"to": [15.25, 1.5, 30],
			"rotation": {"angle": 22.5, "axis": "y", "origin": [14.25, -0.5, 20]},
			"faces": {
				"north": {"uv": [5.5, 0, 6, 0.5], "texture": "#2"},
				"east": {"uv": [1, 2.5, 6, 3], "texture": "#2"},
				"south": {"uv": [5.5, 0.5, 6, 1], "texture": "#2"},
				"west": {"uv": [1, 3, 6, 3.5], "texture": "#2"},
				"up": {"uv": [7.5, 16, 7, 11], "texture": "#2"},
				"down": {"uv": [2, 3.5, 1.5, 8.5], "texture": "#2"}
			}
		},
		{
			"from": [0.75, -1.5, 9.5],
			"to": [2.75, 1.5, 30.5],
			"rotation": {"angle": -22.5, "axis": "y", "origin": [2.75, -0.5, 20.5]},
			"faces": {
				"north": {"uv": [5.5, 0, 6, 0.5], "texture": "#2"},
				"east": {"uv": [1, 2.5, 6, 3], "texture": "#2"},
				"south": {"uv": [5.5, 0.5, 6, 1], "texture": "#2"},
				"west": {"uv": [1, 3, 6, 3.5], "texture": "#2"},
				"up": {"uv": [7.5, 16, 7, 11], "texture": "#2"},
				"down": {"uv": [2, 3.5, 1.5, 8.5], "texture": "#2"}
			}
		},
		{
			"from": [5, 1.5, 9.5],
			"to": [11, 7.5, 11.5],
			"rotation": {"angle": 0, "axis": "y", "origin": [7, 6, 9.5]},
			"color": 9,
			"faces": {
				"north": {"uv": [0, 0, 3, 4.5], "texture": "#missing"},
				"east": {"uv": [0, 0, 1, 4.5], "texture": "#missing"},
				"south": {"uv": [0, 0, 3, 4.5], "texture": "#missing"},
				"west": {"uv": [0, 0, 1, 4.5], "texture": "#missing"},
				"up": {"uv": [0, 0, 3, 1], "texture": "#missing"},
				"down": {"uv": [0, 0, 3, 1], "texture": "#missing"}
			}
		},
		{
			"from": [-1.5, 1, 17],
			"to": [5.5, 15, 24],
			"rotation": {"angle": 0, "axis": "x", "origin": [-1.5, 14, 17]},
			"faces": {
				"north": {"uv": [0, 0, 3.5, 7], "texture": "#1"},
				"east": {"uv": [3.5, 0, 7, 7], "texture": "#1"},
				"south": {"uv": [0, 7, 3.5, 14], "texture": "#1"},
				"west": {"uv": [7, 0, 10.5, 7], "texture": "#1"},
				"up": {"uv": [7, 10.5, 3.5, 7], "texture": "#1"},
				"down": {"uv": [10.5, 7, 7, 10.5], "texture": "#1"}
			}
		},
		{
			"from": [-1.5, 15, 17],
			"to": [5.5, 17, 24],
			"rotation": {"angle": 0, "axis": "x", "origin": [4.5, 1, 17]},
			"faces": {
				"north": {"uv": [0, 0, 1.75, 0.5], "texture": "#2"},
				"east": {"uv": [2.05, 0, 3.8, 0.5], "texture": "#2"},
				"south": {"uv": [4.25, 0, 6, 0.5], "texture": "#2"},
				"west": {"uv": [0.25, 7, 2, 7.5], "texture": "#2"},
				"up": {"uv": [7.75, 8.75, 6, 7], "texture": "#2"},
				"down": {"uv": [2, 5, 0.25, 6.75], "texture": "#2"}
			}
		},
		{
			"from": [0, 15, 21],
			"to": [4, 17, 32],
			"rotation": {"angle": 22.5, "axis": "x", "origin": [1, 15, 24]},
			"faces": {
				"north": {"uv": [0, 0, 1, 0.5], "texture": "#2"},
				"east": {"uv": [0, 0, 2, 0.5], "texture": "#2"},
				"south": {"uv": [0, 0, 1, 0.5], "texture": "#2"},
				"west": {"uv": [0, 0, 2, 0.5], "texture": "#2"},
				"up": {"uv": [0, 0, 1, 2], "texture": "#2"},
				"down": {"uv": [0, 0, 1, 2], "texture": "#2"}
			}
		}
	],
	"display": {
		"gui": {
			"rotation": [30, 45, 0],
			"scale": [0.625, 0.625, 0.625]
		}
	},
	"groups": [
		{
			"name": "shaft",
			"origin": [8, 8, 8],
			"color": 0,
			"children": []
		},
		0,
		1,
		2,
		3,
		4,
		5,
		6,
		7,
		8,
		9,
		10,
		11,
		{
			"name": "simple_wheel_spring_base",
			"origin": [8, 8, 8],
			"color": 0,
			"children": [
				{
					"name": "shaft",
					"origin": [8, 8, 8],
					"color": 0,
					"children": []
				},
				12,
				13
			]
		}
	]
}